"id","title","page_number","author_id"
40,"Bourne Identity, The",50,5
41,"Twist of Faith",60,2
42,"Baby, The",100,60
43,"Alice Upside Down (Alice)",400,29
44,"Colorado Avenue",500,55
45,"Unfinished Song (Song for Marion)",789,29
46,"Way Back, The",240,32
47,"Mutant Action (Acci√≥n Mutante)",112,10
48,"Cool World, The",543,92
49,"Bill Cunningham New York",29,90
50,"Cries and Whispers (Viskningar och rop)",12,50
51,"Planes: Fire & Rescue",124,9
52,"Fun with Dick and Jane",1346,16
53,"King of the Children (Hai zi wang)",89,13
54,"10th Victim, The (La decima vittima)",439,56
